User type,Organization,Page Visited,Date and Time,User IP address
Empty,Empty,/,2013-05-01 00:51:22,65.82.8.201
Empty,Empty,/index.php,2013-05-01 00:51:26,65.82.8.201
Social Worker,none,/,2013-05-01 05:48:23,65.34.169.74
Social Worker,none,Housing - Rent vs. Buy Decision Making,2013-05-01 05:48:49,65.34.169.74
Social Worker,none,Housing - Rent vs. Buy Decision Making,2013-05-01 05:48:59,65.34.169.74
Social Worker,none,Housing - Rent vs. Buy Decision Making,2013-05-01 05:50:22,65.34.169.74
Social Worker,none,Housing - Rent vs. Buy Decision Making,2013-05-01 05:50:22,65.34.169.74
Social Worker,none,Housing - Rent Assistance Options,2013-05-01 05:50:30,65.34.169.74
Social Worker,none,Housing - Rent Accumulation Table,2013-05-01 05:50:36,65.34.169.74
Social Worker,none,Housing - Buying a Home,2013-05-01 05:50:42,65.34.169.74
Social Worker,none,Housing - Financial Assistance for Household Expenses,2013-05-01 05:50:49,65.34.169.74
Social Worker,none,Housing - Beware of Foreclosure Rescue Scams!,2013-05-01 05:50:55,65.34.169.74
Social Worker,none,Housing - Home Ownership Assistance,2013-05-01 05:51:00,65.34.169.74
Social Worker,none,Housing - What is Assisted Living?,2013-05-01 05:51:04,65.34.169.74
Social Worker,none,Housing - Rent vs. Buy Decision Making,2013-05-01 05:51:21,65.34.169.74
Social Worker,none,Food - Build a healthy plate,2013-05-01 05:51:36,65.34.169.74
Social Worker,none,The Bean Game - The Bean Game,2013-05-01 05:51:48,65.34.169.74
Maintainer,Housing Solutions,/,2013-05-01 07:33:41,64.251.18.10
Maintainer,Housing Solutions,/links.php,2013-05-01 07:33:57,64.251.18.10
Maintainer,Housing Solutions,/links.php,2013-05-01 07:34:08,64.251.18.10
Maintainer,Housing Solutions,/contact.php,2013-05-01 07:34:10,64.251.18.10
Maintainer,Housing Solutions,/about.php,2013-05-01 07:35:52,64.251.18.10
Maintainer,Housing Solutions,The Bean Game - The Bean Game,2013-05-01 07:36:04,64.251.18.10
Maintainer,Housing Solutions,The Bean Game - The Bean Game,2013-05-01 07:36:15,64.251.18.10
Maintainer,Housing Solutions,The Bean Game - The Bean Game,2013-05-01 07:36:31,64.251.18.10
Maintainer,Housing Solutions,The Bean Game - The Bean Game,2013-05-01 07:36:31,64.251.18.10
Maintainer,Housing Solutions,Health - Health History Questionnaire,2013-05-01 07:37:56,64.251.18.10
Maintainer,Housing Solutions,Health - Symptoms,2013-05-01 07:38:17,64.251.18.10
Maintainer,Housing Solutions,Health - Warning Signs of a Stroke,2013-05-01 07:38:19,64.251.18.10
Maintainer,Housing Solutions,Health - Breast cancer,2013-05-01 07:38:21,64.251.18.10
Maintainer,Housing Solutions,Health - Depression Signs and Symptoms,2013-05-01 07:38:23,64.251.18.10
Maintainer,Housing Solutions,Health - Warning Signs of Suicide ,2013-05-01 07:38:25,64.251.18.10
Maintainer,Housing Solutions,Health - Tips for increasing Physical Activity,2013-05-01 07:38:26,64.251.18.10
Maintainer,Housing Solutions,/index.php,2013-05-01 07:45:37,64.251.18.10
Maintainer,Housing Solutions,Housing - Rent Assistance Options,2013-05-01 07:45:44,64.251.18.10
Empty,Empty,/,2013-05-01 07:50:44,216.199.130.168
Declined,Declined,/,2013-05-01 08:17:45,64.251.1.200
Empty,Empty,/capstone/,2013-05-01 08:17:51,64.251.1.200
Declined,Declined,Employment & Education - Finding Career Direction,2013-05-01 08:22:15,64.251.1.200
Declined,Declined,Employment & Education - How Do I Get Hired?,2013-05-01 08:22:20,64.251.1.200
Declined,Declined,Employment & Education - How Do I Get Hired?,2013-05-01 08:30:58,64.251.1.200
Declined,Declined,Employment & Education - How Do I Get Hired?,2013-05-01 08:31:07,64.251.1.200
Declined,Declined,Employment & Education - How Do I Get Hired?,2013-05-01 08:31:24,64.251.1.200
Declined,Declined,Employment & Education - How Do I Get Hired?,2013-05-01 08:31:50,64.251.1.200
Declined,Declined,Employment & Education - Post-Secondary Education,2013-05-01 08:31:53,64.251.1.200
Declined,Declined,Employment & Education - What Do I Want to Do?,2013-05-01 08:31:53,64.251.1.200
Declined,Declined,Employment & Education - This approach consists of sequentially answering three questions:,2013-05-01 08:31:54,64.251.1.200
Declined,Declined,Employment & Education - Ways to Keep your Job & Get the Raise you Deserve!,2013-05-01 08:31:55,64.251.1.200
Declined,Declined,Employment & Education - Finding Career Direction,2013-05-01 08:31:55,64.251.1.200
Declined,Declined,Employment & Education - Have you recently lost your job?,2013-05-01 08:31:56,64.251.1.200
Declined,Declined,Employment & Education - Construct a Company,2013-05-01 08:31:56,64.251.1.200
Declined,Declined,Employment & Education - Got that Entrepreneurial Spirit?,2013-05-01 08:31:57,64.251.1.200
Declined,Declined,Employment & Education - Preparing for the Interview,2013-05-01 08:32:07,64.251.1.200
Declined,Declined,Employment & Education - Types of Résumés,2013-05-01 08:32:07,64.251.1.200
Declined,Declined,Employment & Education - Making Yourself the Best Candidate,2013-05-01 08:32:08,64.251.1.200
Declined,Declined,Employment & Education - How Do I Get Hired?,2013-05-01 08:32:08,64.251.1.200
Declined,Declined,Employment & Education - Post-Secondary Education,2013-05-01 08:32:08,64.251.1.200
Declined,Declined,Employment & Education - How Do I Get Hired?,2013-05-01 08:32:10,64.251.1.200
Declined,Declined,Employment & Education - Post-Secondary Education,2013-05-01 08:32:50,64.251.1.200
Declined,Declined,Employment & Education - What Do I Want to Do?,2013-05-01 08:32:51,64.251.1.200
Declined,Declined,Employment & Education - This approach consists of sequentially answering three questions:,2013-05-01 08:32:51,64.251.1.200
Declined,Declined,Employment & Education - Ways to Keep your Job & Get the Raise you Deserve!,2013-05-01 08:32:52,64.251.1.200
Declined,Declined,Employment & Education - Finding Career Direction,2013-05-01 08:32:52,64.251.1.200
Declined,Declined,Employment & Education - Have you recently lost your job?,2013-05-01 08:32:53,64.251.1.200
Declined,Declined,Employment & Education - Construct a Company,2013-05-01 08:32:54,64.251.1.200
Declined,Declined,Employment & Education - Got that Entrepreneurial Spirit?,2013-05-01 08:32:54,64.251.1.200
Declined,Declined,Money Management - Financial Plan,2013-05-01 08:33:03,64.251.1.200
Declined,Declined,Money Management - Needs vs. Wants,2013-05-01 08:33:04,64.251.1.200
Declined,Declined,Money Management - Step 1: Setting Goals,2013-05-01 08:33:04,64.251.1.200
Declined,Declined,Money Management - Step 2: Analyze Your Spending,2013-05-01 08:33:05,64.251.1.200
Declined,Declined,Money Management - Income & Expenses,2013-05-01 08:33:05,64.251.1.200
Declined,Declined,Money Management - Guidelines for Sticking with Your Plan,2013-05-01 08:33:06,64.251.1.200
Declined,Declined,Money Management - Why is Retirement Planning Important?,2013-05-01 08:33:06,64.251.1.200
Declined,Declined,Money Management - The Cost of Financial Services,2013-05-01 08:33:07,64.251.1.200
Declined,Declined,Money Management - 10 steps to shopping for a financial institution,2013-05-01 08:33:07,64.251.1.200
Declined,Declined,Money Management - Credit Report /Credit Bureau,2013-05-01 08:33:08,64.251.1.200
Declined,Declined,Money Management - Monthly Budget Guide,2013-05-01 08:33:08,64.251.1.200
Declined,Declined,Money Management - Understanding the Use of Credit Cards:,2013-05-01 08:33:09,64.251.1.200
Declined,Declined,Money Management - Understanding Your Credit Card Statement,2013-05-01 08:33:09,64.251.1.200
Declined,Declined,Money Management - Credit Card Fees,2013-05-01 08:33:10,64.251.1.200
Declined,Declined,Money Management - Tips to Use Your Credit Cards Wisely,2013-05-01 08:33:10,64.251.1.200
Declined,Declined,Money Management - Earned Income Tax Credit (EITC),2013-05-01 08:33:11,64.251.1.200
Declined,Declined,Money Management - Creating a budget,2013-05-01 08:33:12,64.251.1.200
Declined,Declined,Money Management - Working with Your Budget,2013-05-01 08:33:12,64.251.1.200
Declined,Declined,Money Management - Staying on Track,2013-05-01 08:33:13,64.251.1.200
Declined,Declined,Money Management - Financial Plan,2013-05-01 08:33:13,64.251.1.200
Declined,Declined,Money Management - Needs vs. Wants,2013-05-01 08:33:13,64.251.1.200
Declined,Declined,Money Management - Step 1: Setting Goals,2013-05-01 08:33:14,64.251.1.200
Declined,Declined,Money Management - Step 2: Analyze Your Spending,2013-05-01 08:33:14,64.251.1.200
Declined,Declined,Money Management - Income & Expenses,2013-05-01 08:33:15,64.251.1.200
Declined,Declined,Money Management - Guidelines for Sticking with Your Plan,2013-05-01 08:33:16,64.251.1.200
Declined,Declined,Housing - Rent vs. Buy Decision Making,2013-05-01 08:33:18,64.251.1.200
Declined,Declined,Housing - Rent Assistance Options,2013-05-01 08:33:19,64.251.1.200
Declined,Declined,Housing - Rent Accumulation Table,2013-05-01 08:33:20,64.251.1.200
Declined,Declined,Housing - Buying a Home,2013-05-01 08:33:20,64.251.1.200
Declined,Declined,Housing - Financial Assistance for Household Expenses,2013-05-01 08:33:21,64.251.1.200
Declined,Declined,Housing - Beware of Foreclosure Rescue Scams!,2013-05-01 08:33:21,64.251.1.200
Declined,Declined,Housing - Home Ownership Assistance,2013-05-01 08:33:22,64.251.1.200
Declined,Declined,Housing - What is Assisted Living?,2013-05-01 08:33:22,64.251.1.200
Declined,Declined,Housing - Rent vs. Buy Decision Making,2013-05-01 08:33:23,64.251.1.200
Declined,Declined,Housing - Rent Assistance Options,2013-05-01 08:33:23,64.251.1.200
Declined,Declined,Housing - Rent Accumulation Table,2013-05-01 08:33:24,64.251.1.200
Declined,Declined,Housing - Buying a Home,2013-05-01 08:33:24,64.251.1.200
Declined,Declined,Housing - Financial Assistance for Household Expenses,2013-05-01 08:33:25,64.251.1.200
Declined,Declined,Housing - Beware of Foreclosure Rescue Scams!,2013-05-01 08:33:25,64.251.1.200
Declined,Declined,Housing - Home Ownership Assistance,2013-05-01 08:33:26,64.251.1.200
Declined,Declined,Housing - What is Assisted Living?,2013-05-01 08:33:26,64.251.1.200
Declined,Declined,Housing - Rent vs. Buy Decision Making,2013-05-01 08:33:27,64.251.1.200
Declined,Declined,Housing - Rent Assistance Options,2013-05-01 08:33:27,64.251.1.200
Declined,Declined,Housing - Rent Accumulation Table,2013-05-01 08:33:28,64.251.1.200
Declined,Declined,Housing - Buying a Home,2013-05-01 08:33:28,64.251.1.200
Declined,Declined,Housing - Financial Assistance for Household Expenses,2013-05-01 08:33:29,64.251.1.200
Declined,Declined,Housing - Beware of Foreclosure Rescue Scams!,2013-05-01 08:33:29,64.251.1.200
Declined,Declined,Housing - Home Ownership Assistance,2013-05-01 08:33:30,64.251.1.200
Declined,Declined,Food - Build a healthy plate,2013-05-01 08:33:34,64.251.1.200
Declined,Declined,Food - Protein & Vegetables,2013-05-01 08:33:36,64.251.1.200
Declined,Declined,Food - Fruits and Dairy,2013-05-01 08:33:36,64.251.1.200
Declined,Declined,Food - Empty Calories,2013-05-01 08:33:37,64.251.1.200
Declined,Declined,Food - Food Safety,2013-05-01 08:33:37,64.251.1.200
Declined,Declined,Food - Eating Healthy on a Budget,2013-05-01 08:33:38,64.251.1.200
Declined,Declined,Food - Do you need help with food?,2013-05-01 08:33:38,64.251.1.200
Declined,Declined,Food - WIC / FREE or REDUCED Meals at School,2013-05-01 08:33:38,64.251.1.200
Declined,Declined,Food - Food Assistance and SUNCAP,2013-05-01 08:33:39,64.251.1.200
Declined,Declined,Food - 5 Myths & Facts about Food Stamps for the Elderly,2013-05-01 08:33:40,64.251.1.200
Declined,Declined,Food - Test Your Knowledge,2013-05-01 08:33:40,64.251.1.200
Declined,Declined,Food - Sample Menu for a 2000 Calorie Food Pattern,2013-05-01 08:33:41,64.251.1.200
Declined,Declined,Food - My Pyramid Worksheet,2013-05-01 08:33:42,64.251.1.200
Declined,Declined,Food - Build a healthy plate,2013-05-01 08:33:42,64.251.1.200
Declined,Declined,Food - Protein & Vegetables,2013-05-01 08:33:43,64.251.1.200
Declined,Declined,Food - Fruits and Dairy,2013-05-01 08:33:43,64.251.1.200
Declined,Declined,Food - Empty Calories,2013-05-01 08:33:43,64.251.1.200
Declined,Declined,Food - Food Safety,2013-05-01 08:33:44,64.251.1.200
Declined,Declined,Food - Eating Healthy on a Budget,2013-05-01 08:33:44,64.251.1.200
Declined,Declined,Food - Do you need help with food?,2013-05-01 08:33:45,64.251.1.200
Declined,Declined,Food - WIC / FREE or REDUCED Meals at School,2013-05-01 08:33:45,64.251.1.200
Declined,Declined,Food - Food Assistance and SUNCAP,2013-05-01 08:33:46,64.251.1.200
Declined,Declined,Food - 5 Myths & Facts about Food Stamps for the Elderly,2013-05-01 08:33:46,64.251.1.200
Declined,Declined,Children - You Are Your Child’s First Teacher,2013-05-01 08:33:49,64.251.1.200
Declined,Declined,Children - Quality Child Care Options,2013-05-01 08:33:50,64.251.1.200
Declined,Declined,Children - Head Start,2013-05-01 08:33:50,64.251.1.200
Declined,Declined,Children - Choosing Quality Child Care,2013-05-01 08:33:51,64.251.1.200
Declined,Declined,Children - Child Safety Seat Tips and Recommendations,2013-05-01 08:33:51,64.251.1.200
Declined,Declined,Children - You Are Your Child’s First Teacher,2013-05-01 08:33:52,64.251.1.200
Declined,Declined,Children - Quality Child Care Options,2013-05-01 08:33:52,64.251.1.200
Declined,Declined,Children - Head Start,2013-05-01 08:33:53,64.251.1.200
Declined,Declined,Children - Choosing Quality Child Care,2013-05-01 08:33:53,64.251.1.200
Declined,Declined,Children - Child Safety Seat Tips and Recommendations,2013-05-01 08:33:53,64.251.1.200
Declined,Declined,Children - You Are Your Child’s First Teacher,2013-05-01 08:33:54,64.251.1.200
Declined,Declined,Children - Quality Child Care Options,2013-05-01 08:33:54,64.251.1.200
Declined,Declined,Children - Head Start,2013-05-01 08:33:55,64.251.1.200
Declined,Declined,Children - Choosing Quality Child Care,2013-05-01 08:33:55,64.251.1.200
Declined,Declined,Children - Child Safety Seat Tips and Recommendations,2013-05-01 08:33:56,64.251.1.200
Declined,Declined,Children - You Are Your Child’s First Teacher,2013-05-01 08:33:56,64.251.1.200
Declined,Declined,Children - Quality Child Care Options,2013-05-01 08:33:57,64.251.1.200
Declined,Declined,Children - Head Start,2013-05-01 08:34:01,64.251.1.200
Declined,Declined,Children - Choosing Quality Child Care,2013-05-01 08:34:01,64.251.1.200
Declined,Declined,Children - Child Safety Seat Tips and Recommendations,2013-05-01 08:34:02,64.251.1.200
Declined,Declined,Children - You Are Your Child’s First Teacher,2013-05-01 08:34:02,64.251.1.200
Declined,Declined,Children - Quality Child Care Options,2013-05-01 08:34:03,64.251.1.200
Declined,Declined,Children - Head Start,2013-05-01 08:34:03,64.251.1.200
Declined,Declined,Children - Choosing Quality Child Care,2013-05-01 08:34:04,64.251.1.200
Declined,Declined,Children - Child Safety Seat Tips and Recommendations,2013-05-01 08:34:04,64.251.1.200
Declined,Declined,Children - You Are Your Child’s First Teacher,2013-05-01 08:34:05,64.251.1.200
Declined,Declined,Children - Quality Child Care Options,2013-05-01 08:34:05,64.251.1.200
Declined,Declined,Children - Head Start,2013-05-01 08:34:06,64.251.1.200
Declined,Declined,Children - Choosing Quality Child Care,2013-05-01 08:34:06,64.251.1.200
Declined,Declined,Employment & Education - Finding Career Direction,2013-05-01 08:34:10,64.251.1.200
Declined,Declined,Employment & Education - Ways to Keep your Job & Get the Raise you Deserve!,2013-05-01 08:34:11,64.251.1.200
Declined,Declined,Employment & Education - This approach consists of sequentially answering three questions:,2013-05-01 08:34:12,64.251.1.200
Declined,Declined,Employment & Education - What Do I Want to Do?,2013-05-01 08:34:12,64.251.1.200
Declined,Declined,Employment & Education - Post-Secondary Education,2013-05-01 08:34:13,64.251.1.200
Declined,Declined,Employment & Education - How Do I Get Hired?,2013-05-01 08:34:13,64.251.1.200
Declined,Declined,Health - Affordable Health Insurance,2013-05-01 08:34:17,64.251.1.200
Declined,Declined,Health - Are You Disabled and Applying for Medicaid?,2013-05-01 08:34:18,64.251.1.200
Declined,Declined,Health - Where do I go?,2013-05-01 08:34:19,64.251.1.200
Declined,Declined,Health - Urgent Care Centers,2013-05-01 08:34:19,64.251.1.200
Declined,Declined,Health - Affordable Dental Services,2013-05-01 08:34:20,64.251.1.200
Declined,Declined,Health - Proper Dental Care,2013-05-01 08:34:20,64.251.1.200
Declined,Declined,Health - Health History Questionnaire,2013-05-01 08:34:21,64.251.1.200
Declined,Declined,Health - Symptoms,2013-05-01 08:34:21,64.251.1.200
Declined,Declined,Health - Warning Signs of a Stroke,2013-05-01 08:34:22,64.251.1.200
Declined,Declined,Health - Breast cancer,2013-05-01 08:34:22,64.251.1.200
Declined,Declined,Health - Depression Signs and Symptoms,2013-05-01 08:34:23,64.251.1.200
Declined,Declined,Health - Warning Signs of Suicide ,2013-05-01 08:34:23,64.251.1.200
Declined,Declined,Health - Tips for increasing Physical Activity,2013-05-01 08:34:24,64.251.1.200
Declined,Declined,Health - Active Play,2013-05-01 08:34:24,64.251.1.200
Declined,Declined,Health - Daily Fitness Log,2013-05-01 08:34:24,64.251.1.200
Declined,Declined,Health - My Activity Log,2013-05-01 08:34:25,64.251.1.200
Declined,Declined,Health - Affordable Health Insurance,2013-05-01 08:34:25,64.251.1.200
Declined,Declined,Health - Are You Disabled and Applying for Medicaid?,2013-05-01 08:34:26,64.251.1.200
Declined,Declined,Health - Where do I go?,2013-05-01 08:34:26,64.251.1.200
Declined,Declined,Health - Urgent Care Centers,2013-05-01 08:34:27,64.251.1.200
Declined,Declined,Transportation - What Are My Transportation Options?,2013-05-01 08:34:34,64.251.1.200
Declined,Declined,Transportation - How to save money on gas,2013-05-01 08:34:36,64.251.1.200
Declined,Declined,Transportation - BROWARD COUNTY TRANSIT (BCT) BUS SYSTEM,2013-05-01 08:34:36,64.251.1.200
Declined,Declined,Transportation - PARATRANSIT (TOPS),2013-05-01 08:34:37,64.251.1.200
Declined,Declined,Transportation - What Are My Transportation Options?,2013-05-01 08:34:37,64.251.1.200
Declined,Declined,Transportation - How to save money on gas,2013-05-01 08:34:37,64.251.1.200
Declined,Declined,Transportation - BROWARD COUNTY TRANSIT (BCT) BUS SYSTEM,2013-05-01 08:34:38,64.251.1.200
Declined,Declined,Transportation - PARATRANSIT (TOPS),2013-05-01 08:34:38,64.251.1.200
Declined,Declined,Transportation - What Are My Transportation Options?,2013-05-01 08:34:39,64.251.1.200
Declined,Declined,Transportation - How to save money on gas,2013-05-01 08:34:39,64.251.1.200
Declined,Declined,Transportation - BROWARD COUNTY TRANSIT (BCT) BUS SYSTEM,2013-05-01 08:34:40,64.251.1.200
Declined,Declined,Transportation - PARATRANSIT (TOPS),2013-05-01 08:34:40,64.251.1.200
Declined,Declined,Transportation - What Are My Transportation Options?,2013-05-01 08:34:41,64.251.1.200
Declined,Declined,Transportation - How to save money on gas,2013-05-01 08:34:41,64.251.1.200
Declined,Declined,Transportation - BROWARD COUNTY TRANSIT (BCT) BUS SYSTEM,2013-05-01 08:34:42,64.251.1.200
Declined,Declined,Transportation - PARATRANSIT (TOPS),2013-05-01 08:34:42,64.251.1.200
Declined,Declined,Transportation - What Are My Transportation Options?,2013-05-01 08:34:43,64.251.1.200
Declined,Declined,Transportation - How to save money on gas,2013-05-01 08:34:43,64.251.1.200
Declined,Declined,Transportation - BROWARD COUNTY TRANSIT (BCT) BUS SYSTEM,2013-05-01 08:34:44,64.251.1.200
Declined,Declined,Transportation - PARATRANSIT (TOPS),2013-05-01 08:34:44,64.251.1.200
Declined,Declined,Transportation - What Are My Transportation Options?,2013-05-01 08:34:45,64.251.1.200
Declined,Declined,Transportation - How to save money on gas,2013-05-01 08:34:45,64.251.1.200
Declined,Declined,Transportation - BROWARD COUNTY TRANSIT (BCT) BUS SYSTEM,2013-05-01 08:34:46,64.251.1.200
Declined,Declined,Transportation - PARATRANSIT (TOPS),2013-05-01 08:34:46,64.251.1.200
Declined,Declined,Transportation - What Are My Transportation Options?,2013-05-01 08:34:47,64.251.1.200
Empty,Empty,/,2013-05-01 08:44:14,65.195.234.110
Declined,Declined,Employment & Education - How Do I Get Hired?,2013-05-01 08:45:43,65.195.234.110
Declined,Declined,Employment & Education - Post-Secondary Education,2013-05-01 08:45:59,65.195.234.110
Declined,Declined,Employment & Education - How Do I Get Hired?,2013-05-01 08:46:00,65.195.234.110
Declined,Declined,Employment & Education - How Do I Get Hired?,2013-05-01 08:47:12,65.195.234.110
Declined,Declined,Employment & Education - How Do I Get Hired?,2013-05-01 08:48:36,65.195.234.110
Declined,Declined,Employment & Education - Post-Secondary Education,2013-05-01 08:48:39,65.195.234.110
Declined,Declined,Employment & Education - How Do I Get Hired?,2013-05-01 08:48:41,65.195.234.110
Declined,Declined,Employment & Education - How Do I Get Hired?,2013-05-01 08:49:21,65.195.234.110
Declined,Declined,Employment & Education - Post-Secondary Education,2013-05-01 08:49:24,65.195.234.110
Declined,Declined,Employment & Education - How Do I Get Hired?,2013-05-01 08:49:25,65.195.234.110
Declined,Declined,Employment & Education - Got that Entrepreneurial Spirit?,2013-05-01 08:49:40,65.195.234.110
Declined,Declined,Employment & Education - Got that Entrepreneurial Spirit?,2013-05-01 08:50:28,65.195.234.110
Declined,Declined,Employment & Education - Preparing for the Interview,2013-05-01 08:50:31,65.195.234.110
Declined,Declined,Employment & Education - Got that Entrepreneurial Spirit?,2013-05-01 08:50:32,65.195.234.110
Declined,Declined,Employment & Education - Got that Entrepreneurial Spirit?,2013-05-01 08:52:30,65.195.234.110
Declined,Declined,Money Management - Financial Plan,2013-05-01 09:00:38,65.195.234.110
Declined,Declined,Money Management - Needs vs. Wants,2013-05-01 09:00:39,65.195.234.110
Declined,Declined,Money Management - Step 1: Setting Goals,2013-05-01 09:00:40,65.195.234.110
Declined,Declined,Money Management - Needs vs. Wants,2013-05-01 09:00:42,65.195.234.110
Declined,Declined,Money Management - Needs vs. Wants,2013-05-01 09:01:08,65.195.234.110
Declined,Declined,Money Management - Step 1: Setting Goals,2013-05-01 09:01:17,65.195.234.110
Declined,Declined,Money Management - Step 2: Analyze Your Spending,2013-05-01 09:01:21,65.195.234.110
Declined,Declined,Money Management - Income & Expenses,2013-05-01 09:01:23,65.195.234.110
Declined,Declined,Money Management - Step 2: Analyze Your Spending,2013-05-01 09:01:25,65.195.234.110
Declined,Declined,Money Management - Step 1: Setting Goals,2013-05-01 09:01:29,65.195.234.110
Declined,Declined,Money Management - Step 1: Setting Goals,2013-05-01 09:01:49,65.195.234.110
Declined,Declined,Money Management - Step 1: Setting Goals,2013-05-01 09:02:20,65.195.234.110
Declined,Declined,Money Management - Step 1: Setting Goals,2013-05-01 09:02:40,65.195.234.110
Declined,Declined,Employment & Education - How Do I Get Hired?,2013-05-01 09:02:43,64.251.1.200
Declined,Declined,Employment & Education - Making Yourself the Best Candidate,2013-05-01 09:02:46,64.251.1.200
Declined,Declined,Employment & Education - Types of Résumés,2013-05-01 09:02:46,64.251.1.200
Declined,Declined,Employment & Education - Preparing for the Interview,2013-05-01 09:02:47,64.251.1.200
Declined,Declined,Employment & Education - Got that Entrepreneurial Spirit?,2013-05-01 09:02:47,64.251.1.200
Declined,Declined,Employment & Education - Construct a Company,2013-05-01 09:02:48,64.251.1.200
Declined,Declined,Employment & Education - Have you recently lost your job?,2013-05-01 09:02:48,64.251.1.200
Declined,Declined,Employment & Education - Finding Career Direction,2013-05-01 09:02:51,64.251.1.200
Declined,Declined,Money Management - Step 2: Analyze Your Spending,2013-05-01 09:02:51,65.195.234.110
Declined,Declined,Employment & Education - Ways to Keep your Job & Get the Raise you Deserve!,2013-05-01 09:02:51,64.251.1.200
Declined,Declined,Employment & Education - This approach consists of sequentially answering three questions:,2013-05-01 09:02:52,64.251.1.200
Declined,Declined,Money Management - Income & Expenses,2013-05-01 09:02:52,65.195.234.110
Declined,Declined,Employment & Education - What Do I Want to Do?,2013-05-01 09:02:52,64.251.1.200
Declined,Declined,Money Management - Guidelines for Sticking with Your Plan,2013-05-01 09:02:53,65.195.234.110
Declined,Declined,Employment & Education - Post-Secondary Education,2013-05-01 09:02:53,64.251.1.200
Declined,Declined,Employment & Education - How Do I Get Hired?,2013-05-01 09:02:54,64.251.1.200
Declined,Declined,Money Management - Income & Expenses,2013-05-01 09:02:54,65.195.234.110
Declined,Declined,Employment & Education - Making Yourself the Best Candidate,2013-05-01 09:02:57,64.251.1.200
Declined,Declined,Employment & Education - Types of Résumés,2013-05-01 09:02:59,64.251.1.200
Declined,Declined,Employment & Education - Preparing for the Interview,2013-05-01 09:03:00,64.251.1.200
Declined,Declined,Employment & Education - Got that Entrepreneurial Spirit?,2013-05-01 09:03:00,64.251.1.200
Declined,Declined,Money Management - Income & Expenses,2013-05-01 09:03:22,65.195.234.110
Declined,Declined,Money Management - Guidelines for Sticking with Your Plan,2013-05-01 09:03:32,65.195.234.110
Declined,Declined,Money Management - Guidelines for Sticking with Your Plan,2013-05-01 09:04:08,65.195.234.110
Declined,Declined,Money Management - Income & Expenses,2013-05-01 09:04:11,65.195.234.110
Declined,Declined,Money Management - Guidelines for Sticking with Your Plan,2013-05-01 09:04:12,65.195.234.110
Declined,Declined,Money Management - Why is Retirement Planning Important?,2013-05-01 09:04:46,65.195.234.110
Declined,Declined,Money Management - The Cost of Financial Services,2013-05-01 09:05:00,65.195.234.110
Declined,Declined,Money Management - 10 steps to shopping for a financial institution,2013-05-01 09:05:02,65.195.234.110
Declined,Declined,Money Management - The Cost of Financial Services,2013-05-01 09:05:03,65.195.234.110
Declined,Declined,Money Management - The Cost of Financial Services,2013-05-01 09:05:20,65.195.234.110
Declined,Declined,Money Management - 10 steps to shopping for a financial institution,2013-05-01 09:05:24,65.195.234.110
Declined,Declined,Money Management - Credit Report /Credit Bureau,2013-05-01 09:05:28,65.195.234.110
Declined,Declined,Money Management - Monthly Budget Guide,2013-05-01 09:05:30,65.195.234.110
Declined,Declined,Money Management - Monthly Budget Guide,2013-05-01 09:05:59,65.195.234.110
Declined,Declined,Money Management - Understanding the Use of Credit Cards:,2013-05-01 09:06:38,65.195.234.110
Declined,Declined,Employment & Education - This approach consists of sequentially answering three questions:,2013-05-01 09:06:41,64.251.1.200
Declined,Declined,The Bean Game - The Bean Game,2013-05-01 09:06:44,64.251.1.200
Declined,Declined,/about.php,2013-05-01 09:06:45,64.251.1.200
Declined,Declined,/contact.php,2013-05-01 09:06:46,64.251.1.200
Declined,Declined,/links.php,2013-05-01 09:06:48,64.251.1.200
End User,211 Broward,Employment & Education - How Do I Get Hired?,2013-05-01 09:06:49,98.242.208.59
Declined,Declined,/index.php,2013-05-01 09:06:50,64.251.1.200
End User,211 Broward,Employment & Education - How Do I Get Hired?,2013-05-01 09:06:51,98.242.208.59
End User,211 Broward,Employment & Education - How Do I Get Hired?,2013-05-01 09:06:53,98.242.208.59
End User,211 Broward,Employment & Education - How Do I Get Hired?,2013-05-01 09:06:53,98.242.208.59
Declined,Declined,Money Management - Understanding the Use of Credit Cards:,2013-05-01 09:06:58,65.195.234.110
Declined,Declined,Money Management - Understanding the Use of Credit Cards:,2013-05-01 09:07:27,65.195.234.110
Declined,Declined,Money Management - Understanding the Use of Credit Cards:,2013-05-01 09:07:41,65.195.234.110
Declined,Declined,Money Management - Monthly Budget Guide,2013-05-01 09:07:53,65.195.234.110
Declined,Declined,Money Management - Credit Report /Credit Bureau,2013-05-01 09:07:54,65.195.234.110
Declined,Declined,Money Management - 10 steps to shopping for a financial institution,2013-05-01 09:07:56,65.195.234.110
Declined,Declined,Money Management - The Cost of Financial Services,2013-05-01 09:07:58,65.195.234.110
Declined,Declined,Money Management - Why is Retirement Planning Important?,2013-05-01 09:07:58,65.195.234.110
Declined,Declined,Money Management - Guidelines for Sticking with Your Plan,2013-05-01 09:08:00,65.195.234.110
Declined,Declined,Money Management - Income & Expenses,2013-05-01 09:08:00,65.195.234.110
Declined,Declined,Money Management - Step 2: Analyze Your Spending,2013-05-01 09:08:01,65.195.234.110
Declined,Declined,Money Management - Step 1: Setting Goals,2013-05-01 09:08:03,65.195.234.110
Declined,Declined,Money Management - Needs vs. Wants,2013-05-01 09:08:03,65.195.234.110
Declined,Declined,Money Management - Financial Plan,2013-05-01 09:08:04,65.195.234.110
Declined,Declined,Money Management - Needs vs. Wants,2013-05-01 09:08:07,65.195.234.110
Declined,Declined,Money Management - Needs vs. Wants,2013-05-01 09:08:07,65.195.234.110
Declined,Declined,Money Management - Step 1: Setting Goals,2013-05-01 09:08:07,65.195.234.110
Declined,Declined,Money Management - Step 2: Analyze Your Spending,2013-05-01 09:08:07,65.195.234.110
Declined,Declined,Money Management - Income & Expenses,2013-05-01 09:08:08,65.195.234.110
Declined,Declined,Money Management - Guidelines for Sticking with Your Plan,2013-05-01 09:08:09,65.195.234.110
Declined,Declined,Money Management - Why is Retirement Planning Important?,2013-05-01 09:08:09,65.195.234.110
Declined,Declined,Money Management - The Cost of Financial Services,2013-05-01 09:08:10,65.195.234.110
Declined,Declined,Money Management - 10 steps to shopping for a financial institution,2013-05-01 09:08:10,65.195.234.110
Declined,Declined,Money Management - Credit Report /Credit Bureau,2013-05-01 09:08:11,65.195.234.110
Declined,Declined,Money Management - Monthly Budget Guide,2013-05-01 09:08:12,65.195.234.110
Declined,Declined,Money Management - Understanding the Use of Credit Cards:,2013-05-01 09:08:13,65.195.234.110
Declined,Declined,Money Management - Understanding Your Credit Card Statement,2013-05-01 09:08:14,65.195.234.110
Declined,Declined,Money Management - Understanding Your Credit Card Statement,2013-05-01 09:08:35,65.195.234.110
Declined,Declined,Money Management - Credit Card Fees,2013-05-01 09:08:50,65.195.234.110
Declined,Declined,Money Management - Credit Card Fees,2013-05-01 09:09:04,65.195.234.110
Declined,Declined,Money Management - Tips to Use Your Credit Cards Wisely,2013-05-01 09:09:13,65.195.234.110
Declined,Declined,Money Management - Tips to Use Your Credit Cards Wisely,2013-05-01 09:09:28,65.195.234.110
Declined,Declined,Money Management - Tips to Use Your Credit Cards Wisely,2013-05-01 09:09:53,65.195.234.110
Declined,Declined,Money Management - Earned Income Tax Credit (EITC),2013-05-01 09:09:57,65.195.234.110
Declined,Declined,Money Management - Creating a budget,2013-05-01 09:09:59,65.195.234.110
Declined,Declined,Money Management - Creating a budget,2013-05-01 09:10:13,65.195.234.110
Declined,Declined,Money Management - Creating a budget,2013-05-01 09:10:26,65.195.234.110
Declined,Declined,Money Management - Creating a budget,2013-05-01 09:10:40,65.195.234.110
Declined,Declined,Money Management - Working with Your Budget,2013-05-01 09:10:43,65.195.234.110
Declined,Declined,Money Management - Staying on Track,2013-05-01 09:10:44,65.195.234.110
Declined,Declined,Money Management - Financial Plan,2013-05-01 09:10:46,65.195.234.110
Declined,Declined,Housing - Rent vs. Buy Decision Making,2013-05-01 09:10:50,65.195.234.110
Declined,Declined,Housing - Rent Assistance Options,2013-05-01 09:13:00,65.195.234.110
Declined,Declined,Money Management - Financial Plan,2013-05-01 09:13:06,65.195.234.110
Declined,Declined,Money Management - Needs vs. Wants,2013-05-01 09:13:07,65.195.234.110
Declined,Declined,Money Management - Step 1: Setting Goals,2013-05-01 09:13:08,65.195.234.110
Declined,Declined,Money Management - Step 2: Analyze Your Spending,2013-05-01 09:13:09,65.195.234.110
Declined,Declined,Money Management - Income & Expenses,2013-05-01 09:13:10,65.195.234.110
Declined,Declined,Money Management - Guidelines for Sticking with Your Plan,2013-05-01 09:13:11,65.195.234.110
Declined,Declined,Money Management - Why is Retirement Planning Important?,2013-05-01 09:13:12,65.195.234.110
Declined,Declined,Money Management - The Cost of Financial Services,2013-05-01 09:13:13,65.195.234.110
Declined,Declined,Money Management - 10 steps to shopping for a financial institution,2013-05-01 09:13:13,65.195.234.110
Declined,Declined,Money Management - Credit Report /Credit Bureau,2013-05-01 09:13:14,65.195.234.110
Declined,Declined,Housing - Rent vs. Buy Decision Making,2013-05-01 09:13:16,65.195.234.110
Declined,Declined,Housing - Rent Assistance Options,2013-05-01 09:13:17,65.195.234.110
Declined,Declined,Housing - Rent Accumulation Table,2013-05-01 09:13:17,65.195.234.110
Declined,Declined,Housing - Buying a Home,2013-05-01 09:13:18,65.195.234.110
Declined,Declined,Housing - Financial Assistance for Household Expenses,2013-05-01 09:13:19,65.195.234.110
Declined,Declined,Housing - Beware of Foreclosure Rescue Scams!,2013-05-01 09:13:20,65.195.234.110
Declined,Declined,Housing - Home Ownership Assistance,2013-05-01 09:13:21,65.195.234.110
Declined,Declined,Housing - What is Assisted Living?,2013-05-01 09:13:22,65.195.234.110
Declined,Declined,Housing - Rent vs. Buy Decision Making,2013-05-01 09:13:23,65.195.234.110
Declined,Declined,Food - Build a healthy plate,2013-05-01 09:13:26,65.195.234.110
Declined,Declined,Food - Protein & Vegetables,2013-05-01 09:13:27,65.195.234.110
Declined,Declined,Food - Fruits and Dairy,2013-05-01 09:13:28,65.195.234.110
Declined,Declined,Food - Empty Calories,2013-05-01 09:13:30,65.195.234.110
Declined,Declined,Food - Food Safety,2013-05-01 09:13:31,65.195.234.110
Declined,Declined,Food - Eating Healthy on a Budget,2013-05-01 09:13:32,65.195.234.110
Declined,Declined,Food - Do you need help with food?,2013-05-01 09:13:33,65.195.234.110
Declined,Declined,Food - WIC / FREE or REDUCED Meals at School,2013-05-01 09:13:34,65.195.234.110
Declined,Declined,Food - Food Assistance and SUNCAP,2013-05-01 09:13:35,65.195.234.110
Declined,Declined,Food - 5 Myths & Facts about Food Stamps for the Elderly,2013-05-01 09:13:35,65.195.234.110
Declined,Declined,Food - Test Your Knowledge,2013-05-01 09:13:36,65.195.234.110
Declined,Declined,Food - Sample Menu for a 2000 Calorie Food Pattern,2013-05-01 09:13:37,65.195.234.110
Declined,Declined,Food - My Pyramid Worksheet,2013-05-01 09:13:38,65.195.234.110
Declined,Declined,Food - Build a healthy plate,2013-05-01 09:13:39,65.195.234.110
Declined,Declined,Children - You Are Your Child’s First Teacher,2013-05-01 09:13:42,65.195.234.110
Declined,Declined,Children - You Are Your Child’s First Teacher,2013-05-01 09:14:07,65.195.234.110
Declined,Declined,Children - You Are Your Child’s First Teacher,2013-05-01 09:15:19,65.195.234.110
Declined,Declined,Children - Quality Child Care Options,2013-05-01 09:15:20,65.195.234.110
Declined,Declined,Children - Head Start,2013-05-01 09:15:21,65.195.234.110
Declined,Declined,Children - Choosing Quality Child Care,2013-05-01 09:15:24,65.195.234.110
Declined,Declined,Children - Child Safety Seat Tips and Recommendations,2013-05-01 09:15:25,65.195.234.110
Declined,Declined,Children - Child Safety Seat Tips and Recommendations,2013-05-01 09:15:44,65.195.234.110
Declined,Declined,Children - You Are Your Child’s First Teacher,2013-05-01 09:15:57,65.195.234.110
Declined,Declined,Children - Quality Child Care Options,2013-05-01 09:15:58,65.195.234.110
Declined,Declined,Employment & Education - Finding Career Direction,2013-05-01 09:16:01,65.195.234.110
Declined,Declined,Employment & Education - Ways to Keep your Job & Get the Raise you Deserve!,2013-05-01 09:16:35,65.195.234.110
Declined,Declined,Employment & Education - Finding Career Direction,2013-05-01 09:16:36,65.195.234.110
Declined,Declined,Employment & Education - Ways to Keep your Job & Get the Raise you Deserve!,2013-05-01 09:16:37,65.195.234.110
Declined,Declined,Employment & Education - This approach consists of sequentially answering three questions:,2013-05-01 09:16:38,65.195.234.110
Declined,Declined,Employment & Education - This approach consists of sequentially answering three questions:,2013-05-01 09:16:51,65.195.234.110
Declined,Declined,Employment & Education - What Do I Want to Do?,2013-05-01 09:16:56,65.195.234.110
Declined,Declined,Employment & Education - What Do I Want to Do?,2013-05-01 09:17:14,65.195.234.110
Declined,Declined,Employment & Education - Post-Secondary Education,2013-05-01 09:17:17,65.195.234.110
Declined,Declined,Employment & Education - How Do I Get Hired?,2013-05-01 09:17:19,65.195.234.110
Declined,Declined,Employment & Education - Making Yourself the Best Candidate,2013-05-01 09:17:21,65.195.234.110
Declined,Declined,Employment & Education - Making Yourself the Best Candidate,2013-05-01 09:17:35,65.195.234.110
Declined,Declined,Employment & Education - Types of Résumés,2013-05-01 09:17:36,65.195.234.110
Declined,Declined,Employment & Education - Preparing for the Interview,2013-05-01 09:17:57,65.195.234.110
Declined,Declined,Employment & Education - Preparing for the Interview,2013-05-01 09:18:21,65.195.234.110
Declined,Declined,Employment & Education - Got that Entrepreneurial Spirit?,2013-05-01 09:18:22,65.195.234.110
Declined,Declined,Employment & Education - Construct a Company,2013-05-01 09:18:23,65.195.234.110
Declined,Declined,Employment & Education - Have you recently lost your job?,2013-05-01 09:18:25,65.195.234.110
Declined,Declined,Employment & Education - Finding Career Direction,2013-05-01 09:18:27,65.195.234.110
Declined,Declined,Health - Affordable Health Insurance,2013-05-01 09:18:30,65.195.234.110
Declined,Declined,Health - Are You Disabled and Applying for Medicaid?,2013-05-01 09:18:32,65.195.234.110
Declined,Declined,Health - Where do I go?,2013-05-01 09:18:34,65.195.234.110
Declined,Declined,Health - Urgent Care Centers,2013-05-01 09:18:35,65.195.234.110
Declined,Declined,Health - Affordable Dental Services,2013-05-01 09:18:36,65.195.234.110
Declined,Declined,Health - Proper Dental Care,2013-05-01 09:18:37,65.195.234.110
Declined,Declined,Health - Health History Questionnaire,2013-05-01 09:18:38,65.195.234.110
Declined,Declined,Health - Symptoms,2013-05-01 09:18:39,65.195.234.110
Declined,Declined,Health - Warning Signs of a Stroke,2013-05-01 09:18:40,65.195.234.110
Declined,Declined,Health - Breast cancer,2013-05-01 09:18:45,65.195.234.110
Declined,Declined,Health - Breast cancer,2013-05-01 09:19:05,65.195.234.110
Declined,Declined,Health - Breast cancer,2013-05-01 09:19:19,65.195.234.110
Declined,Declined,Health - Warning Signs of a Stroke,2013-05-01 09:19:27,65.195.234.110
Declined,Declined,Health - Breast cancer,2013-05-01 09:19:43,65.195.234.110
Declined,Declined,Health - Breast cancer,2013-05-01 09:20:15,65.195.234.110
Declined,Declined,Health - Breast cancer,2013-05-01 09:20:29,65.195.234.110
Declined,Declined,Health - Breast cancer,2013-05-01 09:20:45,65.195.234.110
Declined,Declined,Health - Depression Signs and Symptoms,2013-05-01 09:20:48,65.195.234.110
Declined,Declined,Health - Warning Signs of Suicide ,2013-05-01 09:20:51,65.195.234.110
Declined,Declined,Health - Tips for increasing Physical Activity,2013-05-01 09:20:52,65.195.234.110
Declined,Declined,Health - Active Play,2013-05-01 09:20:56,65.195.234.110
Declined,Declined,Health - Daily Fitness Log,2013-05-01 09:20:57,65.195.234.110
Declined,Declined,Health - My Activity Log,2013-05-01 09:20:59,65.195.234.110
Declined,Declined,Health - Affordable Health Insurance,2013-05-01 09:21:00,65.195.234.110
Declined,Declined,Transportation - What Are My Transportation Options?,2013-05-01 09:21:03,65.195.234.110
Declined,Declined,Transportation - How to save money on gas,2013-05-01 09:21:04,65.195.234.110
Declined,Declined,Transportation - BROWARD COUNTY TRANSIT (BCT) BUS SYSTEM,2013-05-01 09:21:05,65.195.234.110
Declined,Declined,Transportation - PARATRANSIT (TOPS),2013-05-01 09:21:06,65.195.234.110
Declined,Declined,Transportation - What Are My Transportation Options?,2013-05-01 09:21:07,65.195.234.110
Declined,Declined,Transportation - How to save money on gas,2013-05-01 09:21:08,65.195.234.110
Declined,Declined,Transportation - BROWARD COUNTY TRANSIT (BCT) BUS SYSTEM,2013-05-01 09:21:09,65.195.234.110
Declined,Declined,Transportation - PARATRANSIT (TOPS),2013-05-01 09:21:10,65.195.234.110
Declined,Declined,/index.php,2013-05-01 09:21:16,65.195.234.110
Declined,Declined,Money Management - Financial Plan,2013-05-01 09:21:18,65.195.234.110
Declined,Declined,Money Management - Needs vs. Wants,2013-05-01 09:21:21,65.195.234.110
Declined,Declined,Money Management - Step 1: Setting Goals,2013-05-01 09:21:22,65.195.234.110
Declined,Declined,Money Management - Step 2: Analyze Your Spending,2013-05-01 09:21:23,65.195.234.110
Declined,Declined,Money Management - Income & Expenses,2013-05-01 09:21:24,65.195.234.110
Declined,Declined,Money Management - Guidelines for Sticking with Your Plan,2013-05-01 09:21:24,65.195.234.110
Declined,Declined,Money Management - Why is Retirement Planning Important?,2013-05-01 09:21:25,65.195.234.110
Declined,Declined,Money Management - The Cost of Financial Services,2013-05-01 09:21:26,65.195.234.110
Declined,Declined,Money Management - 10 steps to shopping for a financial institution,2013-05-01 09:21:27,65.195.234.110
Declined,Declined,Money Management - Credit Report /Credit Bureau,2013-05-01 09:21:27,65.195.234.110
Declined,Declined,Money Management - Monthly Budget Guide,2013-05-01 09:21:28,65.195.234.110
Declined,Declined,Money Management - Understanding the Use of Credit Cards:,2013-05-01 09:21:29,65.195.234.110
Declined,Declined,Money Management - Understanding Your Credit Card Statement,2013-05-01 09:21:30,65.195.234.110
Declined,Declined,Money Management - Credit Card Fees,2013-05-01 09:21:31,65.195.234.110
Declined,Declined,Money Management - Tips to Use Your Credit Cards Wisely,2013-05-01 09:21:33,65.195.234.110
Declined,Declined,Money Management - Earned Income Tax Credit (EITC),2013-05-01 09:21:34,65.195.234.110
Declined,Declined,/,2013-05-01 09:31:18,65.195.234.110
Empty,Empty,/,2013-05-01 09:31:33,65.195.234.110
Empty,Empty,/,2013-05-01 09:32:42,65.195.234.110
Maintainer,Housing Solutions,Housing - Rent vs. Buy Decision Making,2013-05-01 09:57:02,64.251.18.10
Maintainer,Housing Solutions,Housing - Rent Assistance Options,2013-05-01 09:57:17,64.251.18.10
Maintainer,Housing Solutions,Housing - Rent Accumulation Table,2013-05-01 09:57:21,64.251.18.10
Maintainer,Housing Solutions,Housing - Buying a Home,2013-05-01 09:57:25,64.251.18.10
Maintainer,Housing Solutions,Housing - Financial Assistance for Household Expenses,2013-05-01 09:57:30,64.251.18.10
Maintainer,Housing Solutions,Housing - Beware of Foreclosure Rescue Scams!,2013-05-01 09:57:31,64.251.18.10
Maintainer,Housing Solutions,Housing - Home Ownership Assistance,2013-05-01 09:57:36,64.251.18.10
Maintainer,Housing Solutions,Housing - What is Assisted Living?,2013-05-01 09:57:37,64.251.18.10
Maintainer,Housing Solutions,Housing - Rent vs. Buy Decision Making,2013-05-01 09:57:39,64.251.18.10
Maintainer,Housing Solutions,Housing - Rent Assistance Options,2013-05-01 09:57:40,64.251.18.10
Maintainer,Housing Solutions,Housing - Rent Accumulation Table,2013-05-01 09:57:41,64.251.18.10
Maintainer,Housing Solutions,Housing - Buying a Home,2013-05-01 09:57:42,64.251.18.10
Maintainer,Housing Solutions,Housing - Financial Assistance for Household Expenses,2013-05-01 09:57:42,64.251.18.10
Declined,Declined,/,2013-05-01 10:30:21,65.195.234.110
Declined,Declined,/links.php,2013-05-01 10:31:35,65.195.234.110
Declined,Declined,/index.php,2013-05-01 10:31:40,65.195.234.110
Empty,Empty,/,2013-05-01 10:36:15,65.195.234.110
Declined,Declined,/,2013-05-01 11:24:33,65.195.234.110
Declined,Declined,Housing - Rent vs. Buy Decision Making,2013-05-01 11:26:17,64.251.1.200
Empty,Empty,/,2013-05-01 11:36:00,98.242.208.59
Empty,Empty,/,2013-05-01 13:05:41,65.82.8.202
Empty,Empty,/index.php,2013-05-01 13:06:16,65.82.8.202
Empty,Empty,/index.php,2013-05-01 13:17:53,65.82.8.202
End User,211 Broward,/question.php,2013-05-01 16:08:03,99.114.91.41
End User,211 Broward,/index.php,2013-05-01 16:08:06,99.114.91.41
Empty,Empty,/,2013-05-01 16:21:22,166.147.120.173
End User,211 Broward,/links.php,2013-05-01 16:24:44,99.114.91.41
End User,211 Broward,/about.php,2013-05-01 16:24:48,99.114.91.41
End User,211 Broward,/contact.php,2013-05-01 16:24:50,99.114.91.41
End User,211 Broward,The Bean Game - The Bean Game,2013-05-01 16:24:51,99.114.91.41
End User,211 Broward,/,2013-05-01 18:16:08,209.87.206.48
End User,211 Broward,/index.php,2013-05-01 18:16:11,209.87.206.48
End User,211 Broward,/index.php,2013-05-01 18:16:46,209.87.206.48
End User,211 Broward,Transportation - What Are My Transportation Options?,2013-05-01 18:17:03,209.87.206.48
End User,211 Broward,Transportation - What Are My Transportation Options?,2013-05-01 18:17:06,209.87.206.48
End User,211 Broward,Transportation - What Are My Transportation Options?,2013-05-01 18:17:07,209.87.206.48
End User,211 Broward,Transportation - What Are My Transportation Options?,2013-05-01 18:17:07,209.87.206.48
End User,211 Broward,Money Management - Financial Plan,2013-05-01 18:17:49,209.87.206.48
End User,211 Broward,Money Management - Needs vs. Wants,2013-05-01 18:17:52,209.87.206.48
End User,211 Broward,Money Management - Step 1: Setting Goals,2013-05-01 18:18:09,209.87.206.48
End User,211 Broward,Money Management - Step 2: Analyze Your Spending,2013-05-01 18:18:10,209.87.206.48
End User,211 Broward,Money Management - Income & Expenses,2013-05-01 18:18:14,209.87.206.48
End User,211 Broward,Money Management - Guidelines for Sticking with Your Plan,2013-05-01 18:18:16,209.87.206.48
End User,211 Broward,Money Management - Income & Expenses,2013-05-01 18:18:19,209.87.206.48
End User,211 Broward,Money Management - Guidelines for Sticking with Your Plan,2013-05-01 18:18:21,209.87.206.48
End User,211 Broward,Money Management - Why is Retirement Planning Important?,2013-05-01 18:18:21,209.87.206.48
End User,211 Broward,Money Management - The Cost of Financial Services,2013-05-01 18:18:22,209.87.206.48
End User,211 Broward,Money Management - 10 steps to shopping for a financial institution,2013-05-01 18:18:23,209.87.206.48
End User,211 Broward,Money Management - Credit Report /Credit Bureau,2013-05-01 18:18:23,209.87.206.48
End User,211 Broward,Money Management - Monthly Budget Guide,2013-05-01 18:18:24,209.87.206.48
End User,211 Broward,/links.php,2013-05-01 18:18:27,209.87.206.48
End User,211 Broward,/index.php,2013-05-01 18:18:31,209.87.206.48
Declined,Declined,/,2013-05-01 18:36:03,209.87.206.48
Empty,Empty,/,2013-05-01 18:36:15,66.87.123.30
Empty,Empty,/,2013-05-01 18:36:24,166.147.120.152
Declined,Declined,Money Management - Step 1: Setting Goals,2013-05-01 18:37:01,209.87.206.48
Declined,Declined,/index.php,2013-05-01 18:37:08,209.87.206.48
Declined,Declined,Money Management - Financial Plan,2013-05-01 18:37:17,209.87.206.48
Empty,Empty,/,2013-05-01 18:37:17,166.147.120.152
Declined,Declined,/index.php,2013-05-01 18:37:26,209.87.206.48
Maintainer,Housing Authority,/,2013-05-01 18:37:45,209.87.206.48
Maintainer,Housing Authority,/contact.php,2013-05-01 18:40:56,209.87.206.48
Maintainer,Housing Authority,/index.php,2013-05-01 18:42:01,209.87.206.48
Maintainer,Housing Authority,/index.php,2013-05-01 18:47:11,209.87.206.48
Maintainer,Housing Authority,The Bean Game - The Bean Game,2013-05-01 18:54:23,209.87.206.48
Maintainer,Housing Authority,The Bean Game - The Bean Game,2013-05-01 18:54:25,209.87.206.48
Maintainer,Housing Authority,The Bean Game - The Bean Game,2013-05-01 18:54:28,209.87.206.48
Maintainer,Housing Authority,The Bean Game - The Bean Game,2013-05-01 18:54:28,209.87.206.48
Maintainer,Housing Authority,The Bean Game - The Bean Game,2013-05-01 18:54:31,209.87.206.48
Maintainer,Housing Authority,The Bean Game - The Bean Game,2013-05-01 18:54:32,209.87.206.48
Maintainer,Housing Authority,The Bean Game - The Bean Game,2013-05-01 18:54:33,209.87.206.48
Maintainer,Housing Authority,The Bean Game - The Bean Game,2013-05-01 18:54:34,209.87.206.48
Maintainer,Housing Authority,The Bean Game - The Bean Game,2013-05-01 18:54:34,209.87.206.48
Maintainer,Housing Authority,The Bean Game - The Bean Game,2013-05-01 18:54:35,209.87.206.48
Maintainer,Housing Authority,Money Management - The Cost of Financial Services,2013-05-01 18:54:39,209.87.206.48
Maintainer,Housing Authority,Money Management - 10 steps to shopping for a financial institution,2013-05-01 18:54:40,209.87.206.48
Maintainer,Housing Authority,Money Management - Credit Report /Credit Bureau,2013-05-01 18:54:41,209.87.206.48
Maintainer,Housing Authority,Money Management - Monthly Budget Guide,2013-05-01 18:54:42,209.87.206.48
Maintainer,Housing Authority,Money Management - Understanding the Use of Credit Cards:,2013-05-01 18:54:42,209.87.206.48
Maintainer,Housing Authority,Money Management - Understanding Your Credit Card Statement,2013-05-01 18:54:43,209.87.206.48
Maintainer,Housing Authority,Money Management - Understanding the Use of Credit Cards:,2013-05-01 18:54:44,209.87.206.48
Maintainer,Housing Authority,Money Management - Monthly Budget Guide,2013-05-01 18:54:44,209.87.206.48
Maintainer,Housing Authority,Money Management - Credit Report /Credit Bureau,2013-05-01 18:54:55,209.87.206.48
Maintainer,Housing Authority,/links.php,2013-05-01 18:55:21,209.87.206.48
Maintainer,Housing Authority,/contact.php,2013-05-01 18:55:26,209.87.206.48
Maintainer,Housing Authority,Health - Health History Questionnaire,2013-05-01 18:59:19,209.87.206.48
Maintainer,Housing Authority,Health - Symptoms,2013-05-01 18:59:22,209.87.206.48
Maintainer,Housing Authority,Health - Warning Signs of a Stroke,2013-05-01 18:59:23,209.87.206.48
Maintainer,Housing Authority,Health - Breast cancer,2013-05-01 18:59:24,209.87.206.48
Maintainer,Housing Authority,Health - Depression Signs and Symptoms,2013-05-01 18:59:24,209.87.206.48
Maintainer,Housing Authority,Health - Warning Signs of Suicide ,2013-05-01 18:59:25,209.87.206.48
Maintainer,Housing Authority,Health - Tips for increasing Physical Activity,2013-05-01 18:59:25,209.87.206.48
Maintainer,Housing Authority,Health - Active Play,2013-05-01 18:59:26,209.87.206.48
Maintainer,Housing Authority,Health - Daily Fitness Log,2013-05-01 18:59:27,209.87.206.48
Maintainer,Housing Authority,Health - My Activity Log,2013-05-01 18:59:27,209.87.206.48
Maintainer,Housing Authority,Health - Affordable Health Insurance,2013-05-01 18:59:28,209.87.206.48
Maintainer,Housing Authority,Health - My Activity Log,2013-05-01 18:59:30,209.87.206.48
Maintainer,Housing Authority,Health - Affordable Health Insurance,2013-05-01 18:59:32,209.87.206.48
Maintainer,Housing Authority,Health - Are You Disabled and Applying for Medicaid?,2013-05-01 18:59:34,209.87.206.48
Maintainer,Housing Authority,Health - Where do I go?,2013-05-01 18:59:37,209.87.206.48
Maintainer,Housing Authority,Health - Urgent Care Centers,2013-05-01 18:59:38,209.87.206.48
Maintainer,Housing Authority,Health - Affordable Dental Services,2013-05-01 18:59:38,209.87.206.48
Maintainer,Housing Authority,Health - Proper Dental Care,2013-05-01 18:59:39,209.87.206.48
Maintainer,Housing Authority,Health - Health History Questionnaire,2013-05-01 18:59:40,209.87.206.48
Maintainer,Housing Authority,Health - Symptoms,2013-05-01 18:59:40,209.87.206.48
Maintainer,Housing Authority,Health - Warning Signs of a Stroke,2013-05-01 18:59:41,209.87.206.48
Maintainer,Housing Authority,Health - Breast cancer,2013-05-01 18:59:42,209.87.206.48
Maintainer,Housing Authority,Employment & Education - Finding Career Direction,2013-05-01 18:59:45,209.87.206.48
Maintainer,Housing Authority,Employment & Education - Ways to Keep your Job & Get the Raise you Deserve!,2013-05-01 18:59:47,209.87.206.48
Maintainer,Housing Authority,Employment & Education - This approach consists of sequentially answering three questions:,2013-05-01 18:59:47,209.87.206.48
Maintainer,Housing Authority,Employment & Education - What Do I Want to Do?,2013-05-01 18:59:48,209.87.206.48
Maintainer,Housing Authority,Employment & Education - Post-Secondary Education,2013-05-01 18:59:49,209.87.206.48
Maintainer,Housing Authority,Employment & Education - How Do I Get Hired?,2013-05-01 18:59:49,209.87.206.48
Maintainer,Housing Authority,Employment & Education - Making Yourself the Best Candidate,2013-05-01 18:59:50,209.87.206.48
Maintainer,Housing Authority,Employment & Education - Types of Résumés,2013-05-01 18:59:50,209.87.206.48
Maintainer,Housing Authority,Employment & Education - Preparing for the Interview,2013-05-01 18:59:51,209.87.206.48
Maintainer,Housing Authority,Employment & Education - Got that Entrepreneurial Spirit?,2013-05-01 18:59:53,209.87.206.48
Maintainer,Housing Authority,Employment & Education - Preparing for the Interview,2013-05-01 18:59:55,209.87.206.48
Maintainer,Housing Authority,Employment & Education - Got that Entrepreneurial Spirit?,2013-05-01 19:00:00,209.87.206.48
Maintainer,Housing Authority,Employment & Education - Construct a Company,2013-05-01 19:00:05,209.87.206.48
Maintainer,Housing Authority,Employment & Education - Have you recently lost your job?,2013-05-01 19:00:05,209.87.206.48
Maintainer,Housing Authority,Employment & Education - Finding Career Direction,2013-05-01 19:00:06,209.87.206.48
Maintainer,Housing Authority,Employment & Education - Have you recently lost your job?,2013-05-01 19:00:09,209.87.206.48
Maintainer,Housing Authority,Employment & Education - Construct a Company,2013-05-01 19:00:10,209.87.206.48
Maintainer,Housing Authority,Employment & Education - Got that Entrepreneurial Spirit?,2013-05-01 19:00:10,209.87.206.48
Maintainer,Housing Authority,Employment & Education - Preparing for the Interview,2013-05-01 19:00:11,209.87.206.48
End User,211 Broward,/,2013-05-01 19:00:15,209.87.206.48
End User,211 Broward,Employment & Education - Preparing for the Interview,2013-05-01 19:00:25,209.87.206.48
End User,211 Broward,Employment & Education - Preparing for the Interview,2013-05-01 19:00:27,209.87.206.48
End User,211 Broward,Employment & Education - Preparing for the Interview,2013-05-01 19:00:29,209.87.206.48
End User,211 Broward,Employment & Education - Preparing for the Interview,2013-05-01 19:00:29,209.87.206.48
Maintainer,Housing Authority,Transportation - What Are My Transportation Options?,2013-05-01 19:00:30,209.87.206.48
Maintainer,Housing Authority,Transportation - How to save money on gas,2013-05-01 19:00:33,209.87.206.48
Maintainer,Housing Authority,Transportation - BROWARD COUNTY TRANSIT (BCT) BUS SYSTEM,2013-05-01 19:00:33,209.87.206.48
Maintainer,Housing Authority,Transportation - PARATRANSIT (TOPS),2013-05-01 19:00:34,209.87.206.48
Maintainer,Housing Authority,Transportation - What Are My Transportation Options?,2013-05-01 19:00:34,209.87.206.48
Maintainer,Housing Authority,Transportation - How to save money on gas,2013-05-01 19:00:35,209.87.206.48
Maintainer,Housing Authority,Transportation - BROWARD COUNTY TRANSIT (BCT) BUS SYSTEM,2013-05-01 19:00:35,209.87.206.48
Maintainer,Housing Authority,Transportation - PARATRANSIT (TOPS),2013-05-01 19:00:36,209.87.206.48
Maintainer,Housing Authority,Transportation - What Are My Transportation Options?,2013-05-01 19:00:36,209.87.206.48
Maintainer,Housing Authority,Transportation - How to save money on gas,2013-05-01 19:00:37,209.87.206.48
Maintainer,Housing Authority,Housing - Rent vs. Buy Decision Making,2013-05-01 19:00:40,209.87.206.48
Maintainer,Housing Authority,Housing - Rent Assistance Options,2013-05-01 19:00:41,209.87.206.48
Maintainer,Housing Authority,Housing - Rent Accumulation Table,2013-05-01 19:00:42,209.87.206.48
Maintainer,Housing Authority,Housing - Buying a Home,2013-05-01 19:00:42,209.87.206.48
Maintainer,Housing Authority,Housing - Financial Assistance for Household Expenses,2013-05-01 19:00:43,209.87.206.48
Maintainer,Housing Authority,Housing - Beware of Foreclosure Rescue Scams!,2013-05-01 19:00:44,209.87.206.48
Maintainer,Housing Authority,Housing - Home Ownership Assistance,2013-05-01 19:00:44,209.87.206.48
Maintainer,Housing Authority,Housing - What is Assisted Living?,2013-05-01 19:00:45,209.87.206.48
Maintainer,Housing Authority,Housing - Rent vs. Buy Decision Making,2013-05-01 19:00:45,209.87.206.48
Maintainer,Housing Authority,Housing - Rent Assistance Options,2013-05-01 19:00:46,209.87.206.48
Maintainer,Housing Authority,Housing - Rent Accumulation Table,2013-05-01 19:00:46,209.87.206.48
Maintainer,Housing Authority,Housing - Buying a Home,2013-05-01 19:00:47,209.87.206.48
Maintainer,Housing Authority,Housing - Financial Assistance for Household Expenses,2013-05-01 19:00:47,209.87.206.48
Maintainer,Housing Authority,Housing - Beware of Foreclosure Rescue Scams!,2013-05-01 19:00:48,209.87.206.48
Maintainer,Housing Authority,Housing - Home Ownership Assistance,2013-05-01 19:00:49,209.87.206.48
Maintainer,Housing Authority,Children - You Are Your Child’s First Teacher,2013-05-01 19:00:56,209.87.206.48
Maintainer,Housing Authority,Children - Quality Child Care Options,2013-05-01 19:00:57,209.87.206.48
Maintainer,Housing Authority,Children - Head Start,2013-05-01 19:00:58,209.87.206.48
Maintainer,Housing Authority,Children - Choosing Quality Child Care,2013-05-01 19:00:58,209.87.206.48
Maintainer,Housing Authority,Children - Child Safety Seat Tips and Recommendations,2013-05-01 19:00:59,209.87.206.48
Maintainer,Housing Authority,Children - You Are Your Child’s First Teacher,2013-05-01 19:00:59,209.87.206.48
Maintainer,Housing Authority,Children - Quality Child Care Options,2013-05-01 19:00:59,209.87.206.48
Maintainer,Housing Authority,Children - Head Start,2013-05-01 19:01:00,209.87.206.48
Maintainer,Housing Authority,Children - Choosing Quality Child Care,2013-05-01 19:01:00,209.87.206.48
Maintainer,Housing Authority,Children - Child Safety Seat Tips and Recommendations,2013-05-01 19:01:00,209.87.206.48
Maintainer,Housing Authority,/index.php,2013-05-01 19:01:02,209.87.206.48
Maintainer,Housing Authority,/,2013-05-01 19:11:30,209.87.206.48
Maintainer,Housing Authority,/,2013-05-01 19:11:37,209.87.206.48
Maintainer,Housing Authority,/,2013-05-01 19:11:40,209.87.206.48
End User,211 Broward,/index.php,2013-05-01 19:12:14,209.87.206.48
End User,211 Broward,/index.php,2013-05-01 19:12:25,209.87.206.48
End User,211 Broward,/about.php,2013-05-01 19:12:36,209.87.206.48
End User,211 Broward,The Bean Game - The Bean Game,2013-05-01 19:12:40,209.87.206.48
End User,211 Broward,/index.php,2013-05-01 19:12:55,209.87.206.48
Case Worker,Housing Authority,/,2013-05-01 19:17:06,209.87.206.48
Case Worker,Housing Authority,/links.php,2013-05-01 19:18:32,209.87.206.48
Case Worker,Housing Authority,/contact.php,2013-05-01 19:18:37,209.87.206.48
Case Worker,Housing Authority,/about.php,2013-05-01 19:19:36,209.87.206.48
Declined,Declined,/,2013-05-01 19:20:16,209.87.206.48
Declined,Declined,The Bean Game - The Bean Game,2013-05-01 19:20:34,209.87.206.48
Declined,Declined,/about.php,2013-05-01 19:20:49,209.87.206.48
Declined,Declined,/index.php,2013-05-01 19:20:54,209.87.206.48
Declined,Declined,/index.php,2013-05-01 19:20:58,209.87.206.48
Declined,Declined,The Bean Game - The Bean Game,2013-05-01 19:21:00,209.87.206.48
Declined,Declined,/contact.php,2013-05-01 19:21:03,209.87.206.48
Declined,Declined,/about.php,2013-05-01 19:21:07,209.87.206.48
Declined,Declined,/,2013-05-01 19:21:13,209.87.206.48
Declined,Declined,/,2013-05-01 19:21:16,209.87.206.48
Declined,Declined,The Bean Game - The Bean Game,2013-05-01 19:21:21,209.87.206.48
Declined,Declined,The Bean Game - The Bean Game,2013-05-01 19:21:24,209.87.206.48
Declined,Declined,The Bean Game - The Bean Game,2013-05-01 19:21:26,209.87.206.48
Declined,Declined,The Bean Game - The Bean Game,2013-05-01 19:21:34,209.87.206.48
Declined,Declined,The Bean Game - The Bean Game,2013-05-01 19:21:40,209.87.206.48
Declined,Declined,/about.php,2013-05-01 19:21:43,209.87.206.48
Declined,Declined,/,2013-05-01 19:21:48,209.87.206.48
Declined,Declined,The Bean Game - The Bean Game,2013-05-01 19:21:49,209.87.206.48
Declined,Declined,/contact.php,2013-05-01 19:21:51,209.87.206.48
Declined,Declined,/links.php,2013-05-01 19:21:51,209.87.206.48
Declined,Declined,/links.php,2013-05-01 19:21:52,209.87.206.48
Declined,Declined,/about.php,2013-05-01 19:21:53,209.87.206.48
Declined,Declined,/links.php,2013-05-01 19:21:54,209.87.206.48
Declined,Declined,/links.php,2013-05-01 19:21:57,209.87.206.48
Declined,Declined,/links.php,2013-05-01 19:22:01,209.87.206.48
Declined,Declined,/index.php,2013-05-01 19:22:03,209.87.206.48
Declined,Declined,/index.php,2013-05-01 19:22:10,209.87.206.48
Declined,Declined,/index.php,2013-05-01 19:22:11,209.87.206.48
Declined,Declined,/index.php,2013-05-01 19:22:21,209.87.206.48
Declined,Declined,/about.php,2013-05-01 19:22:29,209.87.206.48
Declined,Declined,The Bean Game - The Bean Game,2013-05-01 19:22:32,209.87.206.48
Declined,Declined,/about.php,2013-05-01 19:22:37,209.87.206.48
Declined,Declined,/contact.php,2013-05-01 19:22:42,209.87.206.48
Declined,Declined,/contact.php,2013-05-01 19:22:59,209.87.206.48
Declined,Declined,Children - Head Start,2013-05-01 19:23:03,209.87.206.48
Declined,Declined,Children - Head Start,2013-05-01 19:23:09,209.87.206.48
Declined,Declined,/contact.php,2013-05-01 19:23:29,209.87.206.48
Declined,Declined,/contact.php,2013-05-01 19:23:35,209.87.206.48
Declined,Declined,/contact.php,2013-05-01 19:23:50,209.87.206.48
Declined,Declined,/contact.php,2013-05-01 19:23:58,209.87.206.48
Declined,Declined,The Bean Game - The Bean Game,2013-05-01 19:24:01,209.87.206.48
Declined,Declined,/contact.php,2013-05-01 19:24:07,209.87.206.48
Declined,Declined,The Bean Game - The Bean Game,2013-05-01 19:24:09,209.87.206.48
Declined,Declined,The Bean Game - The Bean Game,2013-05-01 19:24:12,209.87.206.48
Declined,Declined,The Bean Game - The Bean Game,2013-05-01 19:24:14,209.87.206.48
Declined,Declined,The Bean Game - The Bean Game,2013-05-01 19:24:16,209.87.206.48
Declined,Declined,/contact.php,2013-05-01 19:24:19,209.87.206.48
Declined,Declined,/index.php,2013-05-01 19:24:19,209.87.206.48
Declined,Declined,/index.php,2013-05-01 19:24:23,209.87.206.48
Case Worker,Housing Authority,/contact.php,2013-05-01 19:25:22,209.87.206.48
Declined,Declined,Food - Build a healthy plate,2013-05-01 19:25:32,209.87.206.48
Declined,Declined,Health - Symptoms,2013-05-01 19:26:14,209.87.206.48
Case Worker,Housing Authority,Food - Protein & Vegetables,2013-05-01 19:26:43,209.87.206.48
Declined,Declined,Employment & Education - Construct a Company,2013-05-01 19:26:53,209.87.206.48
Case Worker,Housing Authority,Food - Protein & Vegetables,2013-05-01 19:26:55,209.87.206.48
Declined,Declined,Employment & Education - This approach consists of sequentially answering three questions:,2013-05-01 19:27:04,209.87.206.48
Case Worker,Housing Authority,Food - Protein & Vegetables,2013-05-01 19:27:11,209.87.206.48
Case Worker,Housing Authority,Food - Protein & Vegetables,2013-05-01 19:27:11,209.87.206.48
Declined,Declined,Employment & Education - How Do I Get Hired?,2013-05-01 19:27:14,209.87.206.48
Declined,Declined,Employment & Education - Making Yourself the Best Candidate,2013-05-01 19:27:21,209.87.206.48
Case Worker,Housing Authority,Food - Fruits and Dairy,2013-05-01 19:27:36,209.87.206.48
Declined,Declined,Employment & Education - Types of Résumés,2013-05-01 19:27:37,209.87.206.48
Case Worker,Housing Authority,Food - Empty Calories,2013-05-01 19:27:37,209.87.206.48
Case Worker,Housing Authority,Food - Food Safety,2013-05-01 19:27:38,209.87.206.48
Case Worker,Housing Authority,Food - Eating Healthy on a Budget,2013-05-01 19:27:39,209.87.206.48
Case Worker,Housing Authority,Food - Do you need help with food?,2013-05-01 19:27:39,209.87.206.48
Case Worker,Housing Authority,Food - Eating Healthy on a Budget,2013-05-01 19:27:40,209.87.206.48
Case Worker,Housing Authority,Food - Food Safety,2013-05-01 19:27:41,209.87.206.48
Case Worker,Housing Authority,Food - Empty Calories,2013-05-01 19:27:41,209.87.206.48
Case Worker,Housing Authority,Health - Urgent Care Centers,2013-05-01 19:27:48,209.87.206.48
Declined,Declined,Employment & Education - Preparing for the Interview,2013-05-01 19:27:48,209.87.206.48
Case Worker,Housing Authority,Health - Affordable Dental Services,2013-05-01 19:27:49,209.87.206.48
Declined,Declined,Employment & Education - Got that Entrepreneurial Spirit?,2013-05-01 19:27:52,209.87.206.48
Declined,Declined,Employment & Education - Construct a Company,2013-05-01 19:27:54,209.87.206.48
Case Worker,Housing Authority,Health - Proper Dental Care,2013-05-01 19:28:01,209.87.206.48
Declined,Declined,Children - You Are Your Child’s First Teacher,2013-05-01 19:28:03,209.87.206.48
Case Worker,Housing Authority,Health - Health History Questionnaire,2013-05-01 19:28:06,209.87.206.48
Case Worker,Housing Authority,Health - Symptoms,2013-05-01 19:28:09,209.87.206.48
Case Worker,Housing Authority,Health - Warning Signs of a Stroke,2013-05-01 19:28:09,209.87.206.48
Case Worker,Housing Authority,Health - Breast cancer,2013-05-01 19:28:11,209.87.206.48
Case Worker,Housing Authority,Health - Depression Signs and Symptoms,2013-05-01 19:28:11,209.87.206.48
Case Worker,Housing Authority,Health - Warning Signs of Suicide ,2013-05-01 19:28:12,209.87.206.48
Case Worker,Housing Authority,Health - Tips for increasing Physical Activity,2013-05-01 19:28:13,209.87.206.48
Case Worker,Housing Authority,Health - Active Play,2013-05-01 19:28:16,209.87.206.48
Case Worker,Housing Authority,Health - Daily Fitness Log,2013-05-01 19:28:19,209.87.206.48
Declined,Declined,Housing - Rent vs. Buy Decision Making,2013-05-01 19:28:35,209.87.206.48
Declined,Declined,Housing - Rent Assistance Options,2013-05-01 19:28:50,209.87.206.48
Maintainer,Housing Authority,Money Management - Financial Plan,2013-05-01 19:30:31,209.87.206.48
Maintainer,Housing Authority,Money Management - Financial Plan,2013-05-01 19:30:39,209.87.206.48
Maintainer,Housing Authority,Money Management - Financial Plan,2013-05-01 19:31:15,209.87.206.48
End User,211 Broward,/index.php,2013-05-01 19:32:33,209.87.206.48
Maintainer,Housing Authority,Money Management - Financial Plan,2013-05-01 19:32:45,209.87.206.48
End User,211 Broward,/index.php,2013-05-01 19:33:20,209.87.206.48
Declined,Declined,Money Management - Financial Plan,2013-05-01 19:37:37,209.87.206.48
Declined,Declined,/index.php,2013-05-01 19:38:05,209.87.206.48
